{
  "best_layer": 15,
  "best_accuracy": 0.95,
  "final_accuracy": 0.935,
  "accuracy_drop": 0.014999999999999902,
  "avg_correct_wrong_diff": 0.22407136119477228,
  "max_divergence_layer": 0,
  "max_divergence": 0.6603943549194276
}